id;content;name;create_time;update_time
1;Berkshire implementation;contextually-based interfaces;2021-11-29T11:39:41;2021-11-29T12:26:27
2;Barbados Corporate;Games Down-sized 贵州省;2021-11-29T16:23:54;2021-11-29T20:54:07
3;Human Interactions invoice;pink 台湾省 Ergonomic;2021-11-29T16:43:29;2021-11-29T19:09:57
4;Mongolia Clothing Sleek;Soft Product;2021-11-29T23:12:39;2021-11-30T02:25:00
5;frame open-source;open-source cross-platform grow;2021-11-29T14:15:49;2021-11-30T01:17:47
6;Gloves;online Developer;2021-11-29T21:10:57;2021-11-29T16:35:34
7;reintermediate black;Seamless concept;2021-11-30T05:03:52;2021-11-29T10:13:06
8;alarm process;Auto;2021-11-29T18:08:22;2021-11-29T10:17:47
9;Namibia;open-source lavender;2021-11-29T10:34:47;2021-11-30T00:30:59
10;reboot web;Plastic payment;2021-11-30T03:03:50;2021-11-30T00:51:05
